{
  "lang":"en",
  "name":"pipeline",
  "version":"0.0.0",
  "spacy_version":">=3.8.2,<3.9.0",
  "description":"",
  "author":"",
  "email":"",
  "url":"",
  "license":"",
  "spacy_git_version":"63f1b53",
  "vectors":{
    "width":0,
    "vectors":0,
    "keys":0,
    "name":null,
    "mode":"default"
  },
  "labels":{
    "tok2vec":[

    ],
    "ner":[
      "BRAND_NAME",
      "EXPIRY_DATE",
      "FOOD_TYPE",
      "HELPLINE_NUMBER",
      "INGREDIENTS",
      "LIC_NUMBER",
      "MANUFACTURING_DATE",
      "NUTRITIONAL_INFO",
      "OTHER_INFO",
      "PRICE",
      "PRODUCT_NAME",
      "WEIGHT"
    ]
  },
  "pipeline":[
    "tok2vec",
    "ner"
  ],
  "components":[
    "tok2vec",
    "ner"
  ],
  "disabled":[

  ],
  "performance":{
    "ents_f":0.9249542404,
    "ents_p":0.9475,
    "ents_r":0.9034564958,
    "ents_per_type":{
      "NUTRITIONAL_INFO":{
        "p":0.9603960396,
        "r":0.9150943396,
        "f":0.9371980676
      },
      "BRAND_NAME":{
        "p":0.9782608696,
        "r":0.8823529412,
        "f":0.9278350515
      },
      "PRODUCT_NAME":{
        "p":0.9682539683,
        "r":0.9037037037,
        "f":0.9348659004
      },
      "FOOD_TYPE":{
        "p":0.8421052632,
        "r":0.9411764706,
        "f":0.8888888889
      },
      "HELPLINE_NUMBER":{
        "p":0.9583333333,
        "r":0.9787234043,
        "f":0.9684210526
      },
      "OTHER_INFO":{
        "p":0.9146341463,
        "r":0.8928571429,
        "f":0.9036144578
      },
      "LIC_NUMBER":{
        "p":0.9649122807,
        "r":0.9016393443,
        "f":0.9322033898
      },
      "INGREDIENTS":{
        "p":0.9210526316,
        "r":0.8695652174,
        "f":0.8945686901
      },
      "WEIGHT":{
        "p":0.96,
        "r":0.9795918367,
        "f":0.9696969697
      },
      "EXPIRY_DATE":{
        "p":0.9565217391,
        "r":0.88,
        "f":0.9166666667
      },
      "MANUFACTURING_DATE":{
        "p":1.0,
        "r":0.9473684211,
        "f":0.972972973
      },
      "PRICE":{
        "p":0.90625,
        "r":0.8787878788,
        "f":0.8923076923
      }
    },
    "tok2vec_loss":291.3456044947,
    "ner_loss":569.6887207031
  }
}