{
  "lang":"en",
  "name":"pipeline",
  "version":"0.0.0",
  "spacy_version":">=3.8.2,<3.9.0",
  "description":"",
  "author":"",
  "email":"",
  "url":"",
  "license":"",
  "spacy_git_version":"63f1b53",
  "vectors":{
    "width":0,
    "vectors":0,
    "keys":0,
    "name":null,
    "mode":"default"
  },
  "labels":{
    "tok2vec":[

    ],
    "ner":[
      "BRAND_NAME",
      "EXPIRY_DATE",
      "FOOD_TYPE",
      "HELPLINE_NUMBER",
      "INGREDIENTS",
      "LIC_NUMBER",
      "MANUFACTURING_DATE",
      "NUTRITIONAL_INFO",
      "OTHER_INFO",
      "PRICE",
      "PRODUCT_NAME",
      "WEIGHT"
    ]
  },
  "pipeline":[
    "tok2vec",
    "ner"
  ],
  "components":[
    "tok2vec",
    "ner"
  ],
  "disabled":[

  ],
  "performance":{
    "ents_f":0.9209074188,
    "ents_p":0.9482323232,
    "ents_r":0.89511323,
    "ents_per_type":{
      "NUTRITIONAL_INFO":{
        "p":0.9595959596,
        "r":0.8962264151,
        "f":0.9268292683
      },
      "BRAND_NAME":{
        "p":0.967032967,
        "r":0.862745098,
        "f":0.9119170984
      },
      "PRODUCT_NAME":{
        "p":0.9534883721,
        "r":0.9111111111,
        "f":0.9318181818
      },
      "FOOD_TYPE":{
        "p":0.8421052632,
        "r":0.9411764706,
        "f":0.8888888889
      },
      "HELPLINE_NUMBER":{
        "p":0.9787234043,
        "r":0.9787234043,
        "f":0.9787234043
      },
      "OTHER_INFO":{
        "p":0.8928571429,
        "r":0.8928571429,
        "f":0.8928571429
      },
      "LIC_NUMBER":{
        "p":0.9818181818,
        "r":0.8852459016,
        "f":0.9310344828
      },
      "INGREDIENTS":{
        "p":0.932885906,
        "r":0.8633540373,
        "f":0.8967741935
      },
      "WEIGHT":{
        "p":1.0,
        "r":0.9795918367,
        "f":0.9896907216
      },
      "EXPIRY_DATE":{
        "p":0.9565217391,
        "r":0.88,
        "f":0.9166666667
      },
      "MANUFACTURING_DATE":{
        "p":1.0,
        "r":0.9473684211,
        "f":0.972972973
      },
      "PRICE":{
        "p":0.9,
        "r":0.8181818182,
        "f":0.8571428571
      }
    },
    "tok2vec_loss":183.1136046352,
    "ner_loss":542.6494750977
  }
}